"","instance","ecore_util","custom","improvement"
"1","A",54.4708977025,23.65309195,56.5766437719009
"2","B",218.7680482,111.201005148,49.1694486178627
"3","C",440.7975371555,268.865772897,39.0047016523705
"4","D",69.8677063975,39.4293206535,43.5657434792924
"5","E",236.5764196,134.86721285,42.9921151575328
"6","F",617.177219301,388.4367621545,37.0623623155706
"7","G",78.4674828485,43.89811515,44.05566031122
"8","H",354.5993705,205.9781479,41.9124327238477
"9","I",832.32158885,536.8690154665,35.4974059716173